start_time,end_time,user,user_id,device_id,client_ip,connector,connector_id,resource_ip,resource_port,resource_domain,resource_id,protocol,status,bytes_transferred,bytes_received,remote_network,remote_network_id,applied_rule,relays,relay_ips,relay_ports,service_account,service_account_id,service_account_key,service_account_key_id
2024-02-20 20:16:05.92 UTC,2024-02-20 20:16:40.28 UTC,user@domain.com,468633,1223418,1.2.3.4,umber-angora,177167,192.168.1.39,55415,service.home.domain.com,2217397,tcp,NORMAL,422,704,üè† Office,21959,service.home.domain.com,relaybalancer+https://relays.twingate.com,34.105.34.33,30013,,,,
2024-02-20 20:15:05.43 UTC,2024-02-20 20:16:05.90 UTC,user@domain.com,468633,1223418,1.2.3.4,umber-angora,177167,192.168.1.39,55415,service.home.domain.com,2217397,tcp,NORMAL,325,335,üè† Office,21959,service.home.domain.com,relaybalancer+https://relays.twingate.com,34.105.34.33,30013,,,,
2024-02-20 20:14:05.29 UTC,2024-02-20 20:15:05.43 UTC,user@domain.com,468633,1223418,1.2.3.4,umber-angora,177167,192.168.1.39,55415,service.home.domain.com,2217397,tcp,NORMAL,325,335,üè† Office,21959,service.home.domain.com,relaybalancer+https://relays.twingate.com,34.105.34.33,30013,,,,
2024-02-20 20:13:04.88 UTC,2024-02-20 20:14:05.28 UTC,user@domain.com,468633,1223418,1.2.3.4,umber-angora,177167,192.168.1.39,55415,service.home.domain.com,2217397,tcp,NORMAL,325,335,üè† Office,21959,service.home.domain.com,relaybalancer+https://relays.twingate.com,34.105.34.33,30013,,,,
2024-02-20 20:12:04.60 UTC,2024-02-20 20:13:04.86 UTC,user@domain.com,468633,1223418,1.2.3.4,umber-angora,177167,192.168.1.39,55415,service.home.domain.com,2217397,tcp,NORMAL,325,335,üè† Office,21959,service.home.domain.com,relaybalancer+https://relays.twingate.com,34.105.34.33,30013,,,,
2024-02-20 20:11:04.50 UTC,2024-02-20 20:12:04.59 UTC,user@domain.com,468633,1223418,1.2.3.4,umber-angora,177167,192.168.1.39,55415,service.home.domain.com,2217397,tcp,NORMAL,325,335,üè† Office,21959,service.home.domain.com,relaybalancer+https://relays.twingate.com,34.105.34.33,30013,,,,
2024-02-20 20:10:04.37 UTC,2024-02-20 20:11:04.46 UTC,user@domain.com,468633,1223418,1.2.3.4,umber-angora,177167,192.168.1.39,55415,service.home.domain.com,2217397,tcp,NORMAL,325,335,üè† Office,21959,service.home.domain.com,relaybalancer+https://relays.twingate.com,34.105.34.33,30013,,,,
2024-02-20 20:09:04.23 UTC,2024-02-20 20:10:04.35 UTC,testuser@domain.com,468633,1223418,1.2.3.4,umber-angora,177167,192.168.1.39,55415,service.home.domain.com,2217397,tcp,NORMAL,325,335,üè† Office,21959,service.home.domain.com,relaybalancer+https://relays.twingate.com,34.105.34.33,30013,,,,
2024-02-20 20:08:03.74 UTC,2024-02-20 20:09:04.17 UTC,testuser@domain.com,468633,1223418,1.2.3.4,umber-angora,177167,192.168.1.39,55415,service.home.domain.com,2217397,tcp,NORMAL,325,335,üè† Office,21959,service.home.domain.com,relaybalancer+https://relays.twingate.com,34.105.34.33,30013,,,,
2024-02-20 20:07:03.61 UTC,2024-02-20 20:08:03.73 UTC,testuser@domain.com,468633,1223418,1.2.3.4,umber-angora,177167,192.168.1.39,55415,service.home.domain.com,2217397,tcp,NORMAL,325,335,üè† Office,21959,service.home.domain.com,relaybalancer+https://relays.twingate.com,34.105.34.33,30013,,,,
2024-02-20 20:06:03.32 UTC,2024-02-20 20:07:03.52 UTC,testuser@domain.com,468633,1223418,1.2.3.4,umber-angora,177167,192.168.1.39,55415,service.home.domain.com,2217397,tcp,NORMAL,325,335,üè† Office,21959,service.home.domain.com,relaybalancer+https://relays.twingate.com,34.105.34.33,30013,,,,
2024-02-20 20:05:03.18 UTC,2024-02-20 20:06:03.31 UTC,user@domain.com,468633,1223418,1.2.3.4,umber-angora,177167,192.168.1.39,55415,service.home.domain.com,2217397,tcp,NORMAL,325,335,üè† Office,21959,service.home.domain.com,relaybalancer+https://relays.twingate.com,34.105.34.33,30013,,,,
2024-02-20 20:04:03.05 UTC,2024-02-20 20:05:03.17 UTC,user@domain.com,468633,1223418,1.2.3.4,umber-angora,177167,192.168.1.39,55415,service.home.domain.com,2217397,tcp,NORMAL,325,335,üè† Office,21959,service.home.domain.com,relaybalancer+https://relays.twingate.com,34.105.34.33,30013,,,,
2024-02-20 20:03:02.87 UTC,2024-02-20 20:04:03.02 UTC,user@domain.com,468633,1223418,1.2.3.4,umber-angora,177167,192.168.1.39,55415,service.home.domain.com,2217397,tcp,NORMAL,325,335,üè† Office,21959,service.home.domain.com,relaybalancer+https://relays.twingate.com,34.105.34.33,30013,,,,
2024-02-20 20:02:02.64 UTC,2024-02-20 20:03:02.86 UTC,user@domain.com,468633,1223418,1.2.3.4,umber-angora,177167,192.168.1.39,55415,service.home.domain.com,2217397,tcp,NORMAL,325,335,üè† Office,21959,service.home.domain.com,relaybalancer+https://relays.twingate.com,34.105.34.33,30013,,,,
2024-02-20 20:01:02.46 UTC,2024-02-20 20:02:02.61 UTC,user@domain.com,468633,1223418,1.2.3.4,umber-angora,177167,192.168.1.39,55415,service.home.domain.com,2217397,tcp,NORMAL,325,335,üè† Office,21959,service.home.domain.com,relaybalancer+https://relays.twingate.com,34.105.34.33,30013,,,,
2024-02-20 20:00:02.32 UTC,2024-02-20 20:01:02.45 UTC,user@domain.com,468633,1223418,1.2.3.4,umber-angora,177167,192.168.1.39,55415,service.home.domain.com,2217397,tcp,NORMAL,325,335,üè† Office,21959,service.home.domain.com,relaybalancer+https://relays.twingate.com,34.105.34.33,30013,,,,
2024-02-20 19:59:02.18 UTC,2024-02-20 20:00:02.29 UTC,testuser@domain.com,468633,1223418,1.2.3.4,umber-angora,177167,192.168.1.39,55415,service.home.domain.com,2217397,tcp,NORMAL,325,335,üè† Office,21959,service.home.domain.com,relaybalancer+https://relays.twingate.com,34.105.34.33,30013,,,,
2024-02-20 19:58:02.01 UTC,2024-02-20 19:59:02.17 UTC,user@domain.com,468633,1223418,1.2.3.4,umber-angora,177167,192.168.1.39,55415,service.home.domain.com,2217397,tcp,NORMAL,325,335,üè† Office,21959,service.home.domain.com,relaybalancer+https://relays.twingate.com,34.105.34.33,30013,,,,
2024-02-20 19:57:01.79 UTC,2024-02-20 19:58:02.00 UTC,user@domain.com,468633,1223418,1.2.3.4,umber-angora,177167,192.168.1.39,55415,service.home.domain.com,2217397,tcp,NORMAL,325,335,üè† Office,21959,service.home.domain.com,relaybalancer+https://relays.twingate.com,34.105.34.33,30013,,,,
2024-02-20 19:56:01.63 UTC,2024-02-20 19:57:01.75 UTC,user@domain.com,468633,1223418,1.2.3.4,umber-angora,177167,192.168.1.39,55415,service.home.domain.com,2217397,tcp,NORMAL,325,335,üè† Office,21959,service.home.domain.com,relaybalancer+https://relays.twingate.com,34.105.34.33,30013,,,,
2024-02-20 19:55:01.49 UTC,2024-02-20 19:56:01.62 UTC,user@domain.com,468633,1223418,1.2.3.4,umber-angora,177167,192.168.1.39,55415,service.home.domain.com,2217397,tcp,NORMAL,325,335,üè† Office,21959,service.home.domain.com,relaybalancer+https://relays.twingate.com,34.105.34.33,30013,,,,
2024-02-20 19:54:01.23 UTC,2024-02-20 19:55:01.47 UTC,testuser@domain.com,468633,1223418,1.2.3.4,umber-angora,177167,192.168.1.39,55415,service.home.domain.com,2217397,tcp,NORMAL,325,335,üè† Office,21959,service.home.domain.com,relaybalancer+https://relays.twingate.com,34.105.34.33,30013,,,,
2024-02-20 19:53:01.05 UTC,2024-02-20 19:54:01.22 UTC,user@domain.com,468633,1223418,1.2.3.4,umber-angora,177167,192.168.1.39,55415,service.home.domain.com,2217397,tcp,NORMAL,325,335,üè† Office,21959,service.home.domain.com,relaybalancer+https://relays.twingate.com,34.105.34.33,30013,,,,
2024-02-20 19:52:00.91 UTC,2024-02-20 19:53:01.04 UTC,user@domain.com,468633,1223418,1.2.3.4,umber-angora,177167,192.168.1.39,55415,service.home.domain.com,2217397,tcp,NORMAL,325,335,üè† Office,21959,service.home.domain.com,relaybalancer+https://relays.twingate.com,34.105.34.33,30013,,,,
2024-02-20 19:51:00.70 UTC,2024-02-20 19:52:00.91 UTC,user@domain.com,468633,1223418,1.2.3.4,umber-angora,177167,192.168.1.39,55415,service.home.domain.com,2217397,tcp,NORMAL,325,335,üè† Office,21959,service.home.domain.com,relaybalancer+https://relays.twingate.com,34.105.34.33,30013,,,,
2024-02-20 19:50:00.19 UTC,2024-02-20 19:51:00.68 UTC,user@domain.com,468633,1223418,1.2.3.4,umber-angora,177167,192.168.1.39,55415,service.home.domain.com,2217397,tcp,NORMAL,325,335,üè† Office,21959,service.home.domain.com,relaybalancer+https://relays.twingate.com,34.105.34.33,30013,,,,
2024-02-20 19:48:59.80 UTC,2024-02-20 19:49:59.98 UTC,user@domain.com,468633,1223418,1.2.3.4,umber-angora,177167,192.168.1.39,55415,service.home.domain.com,2217397,tcp,NORMAL,325,335,üè† Office,21959,service.home.domain.com,relaybalancer+https://relays.twingate.com,34.105.34.33,30013,,,,
2024-02-20 19:47:59.62 UTC,2024-02-20 19:48:59.79 UTC,user@domain.com,468633,1223418,1.2.3.4,umber-angora,177167,192.168.1.39,55415,service.home.domain.com,2217397,tcp,NORMAL,325,335,üè† Office,21959,service.home.domain.com,relaybalancer+https://relays.twingate.com,34.105.34.33,30013,,,,
2024-02-20 19:46:59.47 UTC,2024-02-20 19:47:59.62 UTC,testuser@domain.com,468633,1223418,1.2.3.4,umber-angora,177167,192.168.1.39,55415,service.home.domain.com,2217397,tcp,NORMAL,325,335,üè† Office,21959,service.home.domain.com,relaybalancer+https://relays.twingate.com,34.105.34.33,30013,,,,
2024-02-20 19:45:58.95 UTC,2024-02-20 19:46:59.26 UTC,user@domain.com,468633,1223418,1.2.3.4,umber-angora,177167,192.168.1.39,55415,service.home.domain.com,2217397,tcp,NORMAL,325,335,üè† Office,21959,service.home.domain.com,relaybalancer+https://relays.twingate.com,34.105.34.33,30013,,,,
2024-02-20 19:44:58.82 UTC,2024-02-20 19:45:58.96 UTC,user@domain.com,468633,1223418,1.2.3.4,umber-angora,177167,192.168.1.39,55415,service.home.domain.com,2217397,tcp,NORMAL,325,335,üè† Office,21959,service.home.domain.com,relaybalancer+https://relays.twingate.com,34.105.34.33,30013,,,,
2024-02-20 19:43:58.66 UTC,2024-02-20 19:44:58.82 UTC,user@domain.com,468633,1223418,1.2.3.4,umber-angora,177167,192.168.1.39,55415,service.home.domain.com,2217397,tcp,NORMAL,325,335,üè† Office,21959,service.home.domain.com,relaybalancer+https://relays.twingate.com,34.105.34.33,30013,,,,
2024-02-20 19:42:58.44 UTC,2024-02-20 19:43:58.64 UTC,user@domain.com,468633,1223418,1.2.3.4,umber-angora,177167,192.168.1.39,55415,service.home.domain.com,2217397,tcp,NORMAL,325,335,üè† Office,21959,service.home.domain.com,relaybalancer+https://relays.twingate.com,34.105.34.33,30013,,,,
2024-02-20 19:41:58.17 UTC,2024-02-20 19:42:58.44 UTC,user@domain.com,468633,1223418,1.2.3.4,umber-angora,177167,192.168.1.39,55415,service.home.domain.com,2217397,tcp,NORMAL,325,335,üè† Office,21959,service.home.domain.com,relaybalancer+https://relays.twingate.com,34.105.34.33,30013,,,,
2024-02-20 19:40:57.95 UTC,2024-02-20 19:41:58.09 UTC,user@domain.com,468633,1223418,1.2.3.4,umber-angora,177167,192.168.1.39,55415,service.home.domain.com,2217397,tcp,NORMAL,325,335,üè† Office,21959,service.home.domain.com,relaybalancer+https://relays.twingate.com,34.105.34.33,30013,,,,
2024-02-20 19:39:57.54 UTC,2024-02-20 19:40:57.94 UTC,user@domain.com,468633,1223418,1.2.3.4,umber-angora,177167,192.168.1.39,55415,service.home.domain.com,2217397,tcp,NORMAL,325,335,üè† Office,21959,service.home.domain.com,relaybalancer+https://relays.twingate.com,34.105.34.33,30013,,,,
2024-02-20 19:38:57.18 UTC,2024-02-20 19:39:57.53 UTC,user@domain.com,468633,1223418,1.2.3.4,umber-angora,177167,192.168.1.39,55415,service.home.domain.com,2217397,tcp,NORMAL,325,335,üè† Office,21959,service.home.domain.com,relaybalancer+https://relays.twingate.com,34.105.34.33,30013,,,,
2024-02-20 19:37:56.92 UTC,2024-02-20 19:38:57.35 UTC,user@domain.com,468633,1223418,1.2.3.4,umber-angora,177167,192.168.1.39,55415,service.home.domain.com,2217397,tcp,NORMAL,325,335,üè† Office,21959,service.home.domain.com,relaybalancer+https://relays.twingate.com,34.105.34.33,30013,,,,